https://mpsctopper.com/wp-content/uploads/2022/01/12th-std-Political-Science-Book-in-Marathi.pdf,,,,,,
https://mpsctopper.com/wp-content/uploads/2022/01/12th-std-History-Book-Pdf-in-Marathi.pdf,,,,,,
https://mpsctopper.com/wp-content/uploads/2022/01/12th-std-Economics-Book-Pdf-in-Marathi.pdf,,,,,,
https://mpsctopper.com/wp-content/uploads/2022/01/12th-std-Geography-Book-Pdf-in-Marathi.pdf,,,,,,
https://mpsctopper.com/wp-content/uploads/2021/11/12th-Environment-Textbook-in-Marathi-Pdf.pdf,,,,,,
https://mpsctopper.com/wp-content/uploads/2021/06/10th-science-book-in-marathi-pdf-part-1.pdf,,,,,,
https://mpsctopper.com/wp-content/uploads/2021/06/10th-standard-history-book-in-Marathi-pdf.pdf,,,,,,
https://mpsctopper.com/wp-content/uploads/2021/06/10th-standard-geography-textbook-pdf.pdf,,,,,,
https://mpsctopper.com/wp-content/uploads/2021/06/10th-STD-Marathi-textbook-pdf-1.pdf,,,,,,
https://mpsctopper.com/wp-content/uploads/2021/07/10th-Std-Marathi-Textbook-Aksharbharati-pdf.pdf,,,,,,
https://mpsctopper.com/wp-content/uploads/2021/06/10th-standard-maths-book-pdf-in-marathi-part-1.pdf,,,,,,
https://www.mpscmaterial.com/wp-content/uploads/2021/09/1.-Marathi-Yuvakbharti-11th-Marathi-PDF-21.pdf,,,,,,
https://www.mpscmaterial.com/wp-content/uploads/2021/09/4.-Paryavran-Shikshan-Marathi-11th-Standard-21.pdf,,,,,,
https://www.mpscmaterial.com/wp-content/uploads/2021/09/6.-11vi-Arogya-Va-Sharirik-Shikshan-Marathi-21.pdf,,,,,,
https://www.mpscmaterial.com/wp-content/uploads/2021/09/2.-Geography-Book-for-Class-11th-in-Marathi-21.pdf,,,,,,
https://www.mpscmaterial.com/wp-content/uploads/2021/09/1.-Maharashtra-state-board-11th-history-books-pdf-in-Marathi-21.pdf,,,,,,
https://www.mpscmaterial.com/wp-content/uploads/2021/09/3.-Polity-Book-for-Class-11th-in-Marathi-21.pdf,,,,,,
https://www.mpscmaterial.com/wp-content/uploads/2021/09/4.-Economics-Book-for-Class-11th-in-Marathi-21.pdf,,,,,,
https://mpsctopper.com/wp-content/uploads/2021/06/9th-marathi-book-pdf.pdf,,,,,,
https://mpsctopper.com/wp-content/uploads/2021/06/9th-std-science-book-in-pdf-marathi-medium.pdf,,,,,,
https://mpsctopper.com/wp-content/uploads/2021/06/History-and-Polity-9th-std-Marathi-Medium.pdf,,,,,,
https://mpsctopper.com/wp-content/uploads/2021/06/9th-std-geography-textbook.pdf,,,,,,
https://mpsctopper.com/wp-content/uploads/2021/06/9th-std-water-security-textbook-pdf.pdf,,,,,,
https://mpsctopper.com/wp-content/uploads/2021/06/9th-std-marathi-akshar-bharati.pdf,,,,,,
https://www.mpscmaterial.com/wp-content/uploads/2021/09/6.-12vi-Arogya-Va-sharirik-shikshan-Book-PDF-21.pdf,,,,,,
https://archive.org/details/marathi_202111/page/n7/mode/2up?view=theater,,,,,?,
https://archive.org/details/e-shaikshanik-sandarbh-issue-133-dec-2021-jan-2022/page/n19/mode/2up,,,,,,?
https://mpsctopper.com/wp-content/uploads/2021/06/8th-Std-Marathi-Books-PDF-Marathi-Medium.pdf,,,,,,
https://mpsctopper.com/wp-content/uploads/2021/06/8th-std-Science-textbook-PDF-Marathi-Medium.pdf,,,,,,
https://mpsctopper.com/wp-content/uploads/2021/06/8th-std-History-textbook-pdf-Marathi-Medium.pdf,,,,,,
https://mpsctopper.com/wp-content/uploads/2021/06/Class-8-Geography-Textbook-in-Marathi-Medium.pdf,,,,,,
https://mpsctopper.com/wp-content/uploads/2021/07/7th-Std-Marathi-Sugam-bharti-textbook-pdf.pdf,,,,,,
https://mpsctopper.com/wp-content/uploads/2021/07/7th-Std-Marathi-Balbharti-textbook-pdf.pdf,,,,,,
https://mpsctopper.com/wp-content/uploads/2021/07/7th-Std-Science-Textbook-Pdf-Marathi-Medium.pdf,,,,,,
https://www.mpscmaterial.com/wp-content/uploads/2021/10/4.-Itihas-ani-Nagri-shashtra-7th-Marathi-2021.pdf,,,,,,
https://mpsctopper.com/wp-content/uploads/2021/07/6th-Std-Marathi-Balbharti-textbook-Pdf.pdf,,,,,,
https://mpsctopper.com/wp-content/uploads/2021/07/6th-Std-Marathi-Sulabhbharati-textbook-Pdf.pdf,,,,,,
https://mpsctopper.com/wp-content/uploads/2021/07/6th-Std-Marathi-Sugambharti-textbook-Pdf.pdf,,,,,,
https://mpsctopper.com/wp-content/uploads/2021/07/6th-Std-History-Textbook-Pdf-Marathi-Medium.pdf,,,,,,
https://archive.org/details/aaapansarebhaumarathinew/page/n5/mode/2up,,,,,,
https://archive.org/details/majhagadhoocormar/mode/2up,,,,,,
https://archive.org/details/bhalemothedhirde/page/n15/mode/2up,,,,,,
https://archive.org/details/FRIDAKAHLOMARATHI/page/n3/mode/2up,,,,,,
https://archive.org/details/PAULM_201906/page/n23/mode/2up,,,,,,
https://archive.org/details/marhriysata07sarduoft/page/n19/mode/2up?view=theater,,,,,?,
https://archive.org/details/laxmanteerth-shastri-marathi/page/n11/mode/2up,,,,,,
https://archive.org/details/dli.ministry.31030/13277.8861%2520%2528part-1%2529/page/n3/mode/2up?view=theater,,,,,,
https://archive.org/details/dli.ministry.31029/page/n7/mode/2up?view=theater,,,,,,